,,,,,,,,,,,,,,,,,,,,,,,,,,,,
,,,,,,,,,,,,,,,,,,,,,,,,,,,,
nazov,Živonarodení podľa poradia (Osoba),,,,,,,,,,,,,,,,,,,,,,,,,,,
poradie,2.,,,,,,,,,,,,,,,,,,,,,,,,,,,
,,,,,,,,,,,,,,,,,,,,,,,,,,,,
,,,,,,,,,,,,,,,,,,,,,,,,,,,,
,1993,1994,1995,1996,1997,1998,1999,2000,2001,2002,2003,2004,2005,2006,2007,2008,2009,2010,2011,2012,2013,2014,2015,2016,2017,2018,2019,2020
Okres Bratislava I,157,140,128,113,132,122,100,98,90,108,120,109,124,137,118,134,146,132,127,166,141,141,140,159,162,161,157,158
Okres Bratislava II,430,381,384,320,309,313,279,276,316,286,289,309,343,356,394,393,431,493,477,525,485,505,503,490,542,560,521,566
Okres Bratislava III,203,147,168,178,154,173,158,135,132,151,165,172,195,209,216,214,239,251,279,265,274,328,302,344,350,321,357,367
Okres Bratislava IV,437,393,402,353,328,313,290,310,240,257,223,272,324,324,301,340,369,369,368,390,354,416,443,399,383,448,446,432
Okres Bratislava V,357,268,271,248,229,219,224,230,215,234,262,273,308,317,347,371,413,415,446,492,512,514,490,547,553,547,496,491
Okres Malacky,272,240,236,209,229,218,229,203,215,180,190,208,222,195,235,279,306,271,308,306,283,280,314,328,307,328,339,304
Okres Pezinok,234,179,187,208,192,197,173,144,153,149,167,165,202,196,246,242,250,255,275,296,259,284,297,257,299,313,305,305
Okres Senec,211,184,184,158,152,176,154,170,150,139,170,194,203,211,280,246,298,344,325,366,382,412,405,442,519,503,508,542
Okres Dunajská Streda,510,426,420,401,366,411,336,343,338,292,331,328,350,355,356,373,433,366,410,390,391,403,400,424,418,382,429,392
Okres Galanta,380,369,353,355,340,361,324,324,247,272,297,275,266,288,290,300,313,305,323,302,296,337,303,310,336,316,318,322
Okres Hlohovec,222,176,178,176,161,153,176,173,143,144,137,143,146,167,134,149,162,178,150,143,165,146,161,155,139,164,160,154
Okres Piešťany,304,262,210,202,174,180,179,181,180,180,197,160,169,187,178,213,184,217,188,187,201,218,201,211,188,241,208,242
Okres Senica,314,256,259,188,219,173,221,187,194,169,189,194,199,211,189,193,235,232,210,212,217,221,197,201,198,209,203,218
Okres Skalica,222,196,174,176,161,200,160,146,147,134,156,140,154,160,143,147,189,162,162,194,195,155,146,163,170,171,164,171
Okres Trnava,515,509,460,452,419,386,428,379,381,345,370,419,433,402,381,447,443,465,462,478,463,458,481,516,508,528,513,523
Okres Bánovce nad Bebravou,185,165,156,127,124,132,144,132,112,132,136,107,109,118,129,130,135,118,138,137,120,109,118,143,145,139,138,121
Okres Ilava,337,272,213,216,220,185,184,199,173,162,157,174,163,178,176,190,199,178,199,177,224,207,220,207,208,214,226,208
Okres Myjava,122,133,85,106,87,93,86,88,74,68,61,72,85,81,80,73,82,79,77,91,103,79,80,82,68,82,83,67
Okres Nové Mesto nad Váhom,256,254,212,201,193,211,203,214,159,151,163,180,190,198,187,200,215,205,216,206,206,226,205,202,206,221,245,234
Okres Partizánske,196,195,173,164,158,165,157,131,98,136,146,139,131,148,138,129,180,177,135,117,133,145,140,132,143,136,151,131
Okres Považská Bystrica,376,297,274,265,235,218,219,205,193,165,187,188,199,205,179,209,230,211,221,183,217,224,227,197,219,266,245,221
Okres Prievidza,654,547,525,524,485,480,489,440,375,345,376,386,396,373,428,420,461,460,421,412,417,400,396,448,410,418,435,420
Okres Púchov,233,198,184,186,176,161,154,155,142,147,131,167,162,132,137,141,150,129,159,160,167,142,163,134,143,143,163,173
Okres Trenčín,482,438,398,370,387,358,361,357,325,332,289,319,382,345,379,339,366,415,392,368,410,386,379,410,406,398,438,446
Okres Komárno,429,388,360,394,380,335,308,310,271,244,273,288,310,332,302,331,311,286,328,318,235,250,286,266,306,277,273,250
Okres Levice,510,453,424,452,414,444,384,343,344,341,325,331,333,315,334,319,378,360,340,332,304,373,320,373,349,335,324,315
Okres Nitra,745,622,542,548,578,563,522,472,444,478,483,493,525,480,493,542,571,542,542,550,585,551,550,579,586,635,624,636
Okres Nové Zámky,595,523,521,514,513,454,433,431,393,394,419,386,388,394,378,396,462,424,418,381,392,385,408,408,406,380,413,381
Okres Šaľa,249,218,193,204,192,207,163,157,158,170,181,162,152,171,163,212,193,167,186,172,158,169,169,178,197,160,193,152
Okres Topoľčany,310,280,277,276,270,279,212,203,209,211,212,196,214,239,215,241,260,268,233,208,251,225,227,231,205,209,224,239
Okres Zlaté Moravce,202,187,174,135,141,135,130,146,123,109,122,99,122,111,116,134,122,117,130,127,147,114,131,134,126,114,163,138
Okres Tvrdošín,176,139,166,155,151,162,147,143,149,132,150,153,132,143,134,121,144,132,156,133,136,128,136,147,140,140,152,153
Okres Žilina,708,651,617,570,586,552,545,545,497,446,484,475,487,506,514,573,616,560,554,625,622,578,646,618,621,649,675,682
Okres Bytča,161,145,152,122,130,128,122,123,120,107,104,102,130,102,121,134,115,103,115,94,105,96,103,113,148,143,112,139
Okres Čadca,454,410,395,396,376,394,373,367,317,307,361,327,338,326,297,347,336,328,308,302,296,297,296,288,308,352,361,301
Okres Dolný Kubín,187,195,152,168,155,99,155,155,145,147,131,139,124,110,155,158,132,149,147,154,135,134,150,147,145,162,160,143
Okres Kysucké Nové Mesto,174,144,157,117,158,155,119,146,104,120,103,110,119,120,123,131,110,127,128,132,119,112,107,123,95,123,119,120
Okres Liptovský Mikuláš,372,349,261,254,287,247,269,241,202,218,194,207,238,205,217,246,249,240,250,263,260,249,218,235,221,277,275,233
Okres Martin,460,422,365,310,311,314,298,292,325,305,295,326,309,303,302,351,311,330,304,330,346,311,350,364,317,349,321,319
Okres Námestovo,299,281,289,231,269,293,277,249,265,288,266,239,261,257,262,233,288,282,292,285,263,278,285,272,306,277,386,323
Okres Ružomberok,284,274,229,214,220,246,225,203,183,182,184,183,216,189,190,217,228,178,208,212,195,178,180,214,229,258,214,201
Okres Turčianske Teplice,58,61,61,52,63,56,52,54,55,52,47,55,42,45,39,43,51,42,48,51,40,48,49,46,49,46,49,62
Okres Veľký Krtíš,217,217,190,165,160,140,150,158,136,135,141,146,117,110,116,129,141,138,102,129,129,132,145,144,112,118,121,113
Okres Zvolen,314,288,232,231,227,208,229,209,200,211,192,213,194,202,191,209,226,214,246,226,214,183,208,239,225,226,239,226
Okres Žarnovica,116,114,102,90,100,98,96,93,86,71,73,69,67,75,79,85,74,95,63,77,85,78,78,81,72,75,93,92
Okres Žiar nad Hronom,197,206,214,193,143,142,157,155,125,132,149,133,150,130,165,116,139,151,136,135,145,140,145,130,168,155,143,138
Okres Banská Bystrica,487,398,379,348,327,334,302,287,300,291,268,301,303,292,358,325,383,379,381,389,326,337,389,377,371,402,386,381
Okres Banská Štiavnica,94,74,61,52,48,64,59,34,40,46,55,45,59,53,58,42,55,62,59,57,33,44,38,37,62,54,48,68
Okres Brezno,307,293,240,242,254,225,232,212,189,179,203,213,197,177,175,185,195,183,180,182,193,173,168,176,195,196,171,195
Okres Detva,132,130,150,105,121,125,119,107,100,119,90,97,98,97,97,83,93,97,105,120,105,84,93,97,123,106,113,107
Okres Krupina,104,109,84,79,84,80,65,70,72,80,81,73,61,68,67,60,65,66,68,62,74,68,66,76,86,76,85,75
Okres Lučenec,286,290,283,277,249,271,225,229,227,239,225,223,263,222,221,234,238,249,254,205,219,222,186,235,237,208,214,227
Okres Poltár,98,77,78,86,82,92,83,77,79,61,68,84,57,68,60,59,75,67,55,52,67,54,49,60,64,53,59,44
Okres Revúca,203,210,169,164,152,175,134,141,148,171,130,125,156,146,143,139,153,136,112,131,124,128,128,134,154,115,121,113
Okres Rimavská Sobota,342,305,348,349,297,312,309,271,277,293,301,319,307,311,310,287,292,313,278,285,279,285,287,279,316,291,253,285
Okres Stará Ľubovňa,260,238,212,217,221,204,201,190,189,235,203,171,170,185,157,180,233,210,207,221,222,183,213,238,215,236,228,234
Okres Stropkov,99,104,107,86,86,85,77,80,70,71,69,70,56,46,49,60,72,74,63,54,57,59,64,80,78,77,76,61
Okres Svidník,189,187,144,165,151,102,102,139,125,124,113,104,119,105,95,90,123,96,100,115,107,102,88,116,113,105,109,113
Okres Vranov nad Topľou,435,364,351,320,331,310,329,295,306,276,272,304,312,279,289,267,307,309,294,315,318,316,295,311,317,323,320,365
Okres Bardejov,428,355,342,331,346,299,311,310,300,308,278,247,276,296,286,276,255,249,259,264,255,251,268,291,269,279,299,272
Okres Humenné,333,327,269,248,241,243,205,218,209,171,217,196,204,198,225,193,223,194,172,177,149,200,182,173,215,177,172,171
Okres Kežmarok,320,293,309,280,293,300,288,281,271,288,275,279,295,311,279,323,352,337,315,346,315,298,330,350,328,362,353,315
Okres Levoča,170,168,158,175,111,129,138,133,128,124,114,126,124,117,107,130,116,142,139,150,144,105,123,128,131,126,139,136
Okres Medzilaborce,48,54,51,47,62,41,41,29,36,48,39,44,38,35,26,32,26,23,22,41,29,31,32,28,17,27,32,27
Okres Poprad,538,436,400,418,370,405,399,383,394,344,347,372,364,394,348,353,389,351,369,363,377,388,376,367,336,372,392,433
Okres Prešov,885,721,681,682,664,622,595,612,587,505,542,559,554,543,593,590,681,635,572,606,630,670,683,748,708,703,719,708
Okres Sabinov,268,303,265,279,244,260,228,236,236,222,218,204,216,203,212,217,261,246,215,208,234,246,272,279,245,270,304,309
Okres Snina,214,186,175,169,163,137,154,139,120,115,109,109,105,104,123,115,136,103,107,114,85,88,91,103,97,109,105,129
Okres Spišská Nová Ves,482,433,401,413,427,350,378,361,360,369,355,361,342,358,366,361,384,387,386,394,409,425,403,368,393,376,404,396
Okres Trebišov,399,433,406,418,452,405,332,366,353,356,371,344,391,327,355,355,383,350,343,327,327,314,324,357,316,318,355,358
Okres Gelnica,141,151,130,122,127,135,121,122,110,96,118,121,80,114,129,98,117,111,108,129,97,118,132,105,119,124,101,118
Okres Košice I,343,313,305,266,258,263,274,220,202,214,231,205,249,201,216,209,246,207,185,211,188,220,185,221,209,218,214,232
Okres Košice II,333,318,278,279,310,255,221,264,234,218,238,237,222,216,242,257,306,255,284,283,239,261,277,294,283,325,313,319
Okres Košice III,103,86,104,94,83,93,108,72,76,95,81,89,90,116,99,77,140,107,137,135,115,92,98,104,108,98,104,99
Okres Košice IV,193,218,200,174,195,193,204,171,175,161,217,173,184,194,210,201,217,198,202,191,191,162,204,208,215,191,180,181
Okres Košice - okolie,542,488,401,371,441,425,444,429,378,378,385,395,404,408,421,401,498,438,450,480,493,458,450,518,506,542,498,468
Okres Michalovce,562,492,442,467,435,443,416,376,373,366,324,380,340,340,339,353,389,371,361,373,339,307,349,354,348,329,318,328
Okres Rožňava,276,260,264,273,256,243,233,246,234,216,175,205,196,209,176,194,204,228,190,181,192,192,191,182,197,238,224,188
Okres Sobrance,111,110,88,85,66,92,73,86,80,74,67,69,81,69,57,72,72,64,75,56,64,61,58,83,69,66,86,61
